C++-O,C++-O1,C++-O2,C++-O3,C++-Ofast,C++-Og,C++-Os,C++-O-atomic,C++-O1-atomic,C++-O2-atomic,C++-O3-atomic,C++-Ofast-atomic,C++-Og-atomic,C++-Os-atomic,Python,Node.JS Express
0.039820,0.043172,0.042400,0.057417,0.061814,0.040194,0.035160,0.038954,0.050488,0.041739,0.073306,0.040394,0.054929,0.071169,0.035632,0.028781
0.033029,0.030809,0.034230,0.047668,0.036756,0.030336,0.064086,0.038528,0.042933,0.042034,0.081873,0.047435,0.048387,0.061104,0.028418,0.017153
0.066029,0.062951,0.048324,0.023674,0.044755,0.039563,0.063968,0.037699,0.048758,0.067494,0.037139,0.080574,0.039356,0.046375,0.035260,0.019167
0.048579,0.057818,0.045325,0.053382,0.071153,0.037103,0.047233,0.047068,0.050234,0.049298,0.039547,0.031237,0.060162,0.026047,0.015152,0.016649
0.042232,0.051454,0.055176,0.035624,0.039363,0.037196,0.056778,0.068994,0.043011,0.054695,0.027511,0.031364,0.046718,0.032022,0.023225,0.018686
