C++-O,C++-O1,C++-O2,C++-O3,C++-Ofast,C++-Og,C++-Os,C++-O-atomic,C++-O1-atomic,C++-O2-atomic,C++-O3-atomic,C++-Ofast-atomic,C++-Og-atomic,C++-Os-atomic,Python,Node.JS Express
0.030828,0.049625,0.058788,0.052058,0.042010,0.072361,0.037561,0.034035,0.055977,0.035581,0.038562,0.044081,0.047698,0.046877,0.033184,0.025229
0.045316,0.047915,0.032004,0.024651,0.055271,0.044977,0.055100,0.045407,0.064374,0.049011,0.062930,0.057305,0.039321,0.042742,0.047472,0.031795
0.041200,0.039007,0.048122,0.074392,0.058123,0.063426,0.042972,0.057319,0.029706,0.057350,0.040908,0.075916,0.049120,0.033310,0.024111,0.013536
0.032062,0.022819,0.040413,0.058276,0.058598,0.023288,0.039466,0.074188,0.045761,0.037178,0.041309,0.038279,0.047559,0.038175,0.038936,0.031782
0.039256,0.037043,0.055615,0.063081,0.047244,0.068748,0.059452,0.031574,0.034741,0.049781,0.068497,0.031092,0.032057,0.031563,0.031471,0.020676
